{"cameraMode":{"drawMode":0,"name":"Shaded","section":"Shading Mode"},"sceneLighting":false,"audioPlay":false,"sceneViewState":{"showFog":true,"showMaterialUpdate":false,"showSkybox":true,"showFlares":true,"showImageEffects":true,"showParticleSystems":true},"in2DMode":false,"pivot":{"x":0.3787045478820801,"y":0.45404553413391116,"z":-0.6978802680969238},"rotation":{"x":-0.10470230132341385,"y":0.8692165613174439,"z":-0.20885531604290009,"w":-0.435751348733902},"size":7.200830459594727,"orthographic":false}