{"cameraMode":{"drawMode":0,"name":"Shaded","section":"Shading Mode"},"sceneLighting":true,"audioPlay":false,"sceneViewState":{"showFog":true,"showMaterialUpdate":false,"showSkybox":true,"showFlares":true,"showImageEffects":true,"showParticleSystems":true},"in2DMode":false,"pivot":{"x":-9.434728622436524,"y":-10.238883972167969,"z":-14.110373497009278},"rotation":{"x":0.12509386241436006,"y":-0.869335412979126,"z":0.3866589665412903,"w":0.28125280141830447},"size":42.08005905151367,"orthographic":false}