{"cameraMode":{"drawMode":0,"name":"Shaded","section":"Shading Mode"},"sceneLighting":true,"audioPlay":false,"sceneViewState":{"showFog":true,"showMaterialUpdate":false,"showSkybox":true,"showFlares":true,"showImageEffects":true,"showParticleSystems":true},"in2DMode":false,"pivot":{"x":0.5066138505935669,"y":6.583765506744385,"z":-14.31626033782959},"rotation":{"x":-0.03176899999380112,"y":0.04705609753727913,"z":-0.0014973615761846305,"w":-0.9983865022659302},"size":12.800674438476563,"orthographic":false}