{"cameraMode":{"drawMode":0,"name":"Shaded","section":"Shading Mode"},"sceneLighting":true,"audioPlay":false,"sceneViewState":{"showFog":true,"showMaterialUpdate":false,"showSkybox":true,"showFlares":true,"showImageEffects":true,"showParticleSystems":true},"in2DMode":false,"pivot":{"x":-1.7041068077087403,"y":0.14806270599365235,"z":-2.0612711906433107},"rotation":{"x":0.13230405747890473,"y":0.8676561713218689,"z":-0.33434736728668215,"w":0.3433387279510498},"size":12.800674438476563,"orthographic":false}